{
    "root_group": {
        "id": "d41d8cd98f00b204e9800998ecf8427e",
        "groups": {},
        "checks": {
                "status is 200": {
                    "name": "status is 200",
                    "path": "::status is 200",
                    "id": "6210a8cd14cd70477eba5c5e4cb3fb5f",
                    "passes": 10655,
                    "fails": 0
                },
                "has items array": {
                    "name": "has items array",
                    "path": "::has items array",
                    "id": "7fb79205155afc852fad0d08cbdee30f",
                    "passes": 10655,
                    "fails": 0
                },
                "nextCursor present when hasMore": {
                    "name": "nextCursor present when hasMore",
                    "path": "::nextCursor present when hasMore",
                    "id": "84104b028cb0d82552c32fa74321192b",
                    "passes": 10655,
                    "fails": 0
                }
            },
        "name": "",
        "path": ""
    },
    "metrics": {
        "vus": {
            "value": 1,
            "min": 1,
            "max": 29
        },
        "http_req_failed": {
            "passes": 0,
            "fails": 10655,
            "thresholds": {
                "rate<0.01": false
            },
            "value": 0
        },
        "http_req_duration{expected_response:true}": {
            "avg": 10.006036484185861,
            "min": 1.259583,
            "med": 8.566333,
            "max": 97.923458,
            "p(90)": 16.858125000000005,
            "p(95)": 20.199183699999992
        },
        "iteration_duration": {
            "p(90)": 119.213241,
            "p(95)": 122.96384979999999,
            "avg": 111.83386765049282,
            "min": 102.017042,
            "med": 110.379709,
            "max": 199.267208
        },
        "data_received": {
            "rate": 620682.0859757012,
            "count": 49722146
        },
        "http_req_blocked": {
            "p(95)": 0.014637299999999982,
            "avg": 0.028988774941342138,
            "min": 0.00075,
            "med": 0.004208,
            "max": 19.592,
            "p(90)": 0.010625
        },
        "http_req_waiting": {
            "max": 97.881375,
            "p(90)": 16.728608600000005,
            "p(95)": 20.068616799999997,
            "avg": 9.885730690755507,
            "min": 1.206125,
            "med": 8.449792
        },
        "http_req_receiving": {
            "avg": 0.09729940112623184,
            "min": 0.008708,
            "med": 0.060916,
            "max": 4.768959,
            "p(90)": 0.1735498,
            "p(95)": 0.2447206999999998
        },
        "checks": {
            "passes": 31965,
            "fails": 0,
            "value": 1
        },
        "http_req_connecting": {
            "avg": 0.020898423744720777,
            "min": 0,
            "med": 0,
            "max": 19.456417,
            "p(90)": 0,
            "p(95)": 0
        },
        "http_req_sending": {
            "p(90)": 0.033958,
            "p(95)": 0.05659559999999998,
            "avg": 0.02300639230408261,
            "min": 0.002208,
            "med": 0.011375,
            "max": 9.74525
        },
        "iterations": {
            "count": 10655,
            "rate": 133.0064801722576
        },
        "vus_max": {
            "value": 30,
            "min": 30,
            "max": 30
        },
        "http_req_tls_handshaking": {
            "avg": 0,
            "min": 0,
            "med": 0,
            "max": 0,
            "p(90)": 0,
            "p(95)": 0
        },
        "http_reqs": {
            "count": 10655,
            "rate": 133.0064801722576
        },
        "http_req_duration": {
            "avg": 10.006036484185861,
            "min": 1.259583,
            "med": 8.566333,
            "max": 97.923458,
            "p(90)": 16.858125000000005,
            "p(95)": 20.199183699999992,
            "thresholds": {
                "p(95)<250": false
            }
        },
        "data_sent": {
            "count": 2075505,
            "rate": 25908.551349593756
        }
    }
}